max_t,month_sin,month_cos
34.00,-0.5000000000000004,0.8660254037844384